Techstack,Links
"Flutter, Firebase, Dart",https://play.google.com/store/apps/details?id=com.ieeeofficialapp.ieee_official_app
"Flutter, Firebase, Dart",https://github.com/qusaii21/Ganga-Prabodhanam-App
"Machine Learning, Python, TensorFlow",https://github.com/qusaii21/Ganga-Prabodhanam-App
"Machine Learning, GANs, Python",https://github.com/qusaii21/Synthetic-Data-Generation-for-Enhanced-Model-Efficiency-A-GAN-Based-Approach-to-Tabular-Data
"React Native, MongoDB, Express.js, Node.js, Java Script",https://github.com/qusaii21/Quick-Sewa-On-Demand-House-help-Service-App
"Machine Learning, Python",https://github.com/qusaii21/RouteMate-Optimized-Employee-Transportation-Routing
"Flutter, Dart, Data Structures",https://github.com/qusaii21/minimum-cost-of-ticket
"Machine Learning, Python, Streamlit, firebase",https://github.com/qusaii21/ANPR-System-for-Apartments
"Flutter, Dart, Flame",https://github.com/qusaii21/Tilt-n-Score-game
